date,interest,province,month,year,Shopping,First_Nations_Topic,chewing_shopping,ecig_search
2018-01,35,SK,01,2018,27,89,,59
2018-02,33,SK,02,2018,45,95,,55
2018-03,40,SK,03,2018,40,100,,50
2018-04,35,SK,04,2018,38,82,,48
2018-05,38,SK,05,2018,25,87,,48
2018-06,32,SK,06,2018,25,86,,50
2018-07,42,SK,07,2018,46,60,,52
2018-08,58,SK,08,2018,38,58,,57
2018-09,55,SK,09,2018,42,83,,63
2018-10,38,SK,10,2018,34,85,,66
2018-11,49,SK,11,2018,34,85,,68
2018-12,67,SK,12,2018,42,73,,70
2019-01,40,SK,01,2019,48,85,,67
2019-02,45,SK,02,2019,43,79,,65
2019-03,50,SK,03,2019,36,88,,68
2019-04,47,SK,04,2019,38,83,,63
2019-05,48,SK,05,2019,34,96,,62
2019-06,50,SK,06,2019,32,77,,64
2019-07,60,SK,07,2019,42,48,,66
2019-08,62,SK,08,2019,47,46,,72
2019-09,33,SK,09,2019,46,73,,82
2019-10,43,SK,10,2019,33,71,,54
2019-11,41,SK,11,2019,44,75,,59
2019-12,40,SK,12,2019,35,54,,57
2020-01,27,SK,01,2020,28,68,,48
2020-02,41,SK,02,2020,40,72,,53
2020-03,45,SK,03,2020,33,58,,49
2020-04,44,SK,04,2020,34,45,,46
2020-05,32,SK,05,2020,25,44,,40
2020-06,39,SK,06,2020,32,47,,41
2020-07,33,SK,07,2020,36,41,,45
2020-08,48,SK,08,2020,30,40,,50
2020-09,47,SK,09,2020,42,61,,50
2020-10,39,SK,10,2020,36,61,,53
2020-11,36,SK,11,2020,40,58,,43
2020-12,40,SK,12,2020,38,49,,49
2021-01,41,SK,01,2021,46,53,,49
2021-02,43,SK,02,2021,21,50,,50
2021-03,49,SK,03,2021,34,58,,50
2021-04,44,SK,04,2021,33,51,,47
2021-05,49,SK,05,2021,33,49,,50
2021-06,49,SK,06,2021,41,68,,51
2021-07,65,SK,07,2021,31,51,,62
2021-08,71,SK,08,2021,53,44,,64
2021-09,76,SK,09,2021,46,67,,60
2021-10,75,SK,10,2021,44,52,,66
2021-11,62,SK,11,2021,43,59,,58
2021-12,68,SK,12,2021,60,50,,61
2022-01,72,SK,01,2022,46,51,,67
2022-02,66,SK,02,2022,54,61,,61
2022-03,71,SK,03,2022,48,72,,66
2022-04,74,SK,04,2022,47,66,,70
2022-05,85,SK,05,2022,52,62,,74
2022-06,91,SK,06,2022,38,69,,74
2022-07,91,SK,07,2022,76,47,,77
2022-08,100,SK,08,2022,61,44,,82
2022-09,73,SK,09,2022,63,79,,75
2022-10,63,SK,10,2022,55,65,,75
2022-11,69,SK,11,2022,36,70,,68
2022-12,75,SK,12,2022,59,52,,79
2023-01,70,SK,01,2023,58,70,,82
2023-02,65,SK,02,2023,59,66,,79
2023-03,58,SK,03,2023,45,90,,74
2023-04,53,SK,04,2023,42,69,,77
2023-05,69,SK,05,2023,53,91,,78
2023-06,71,SK,06,2023,52,91,,88
2023-07,67,SK,07,2023,53,66,,91
2023-08,67,SK,08,2023,43,69,,88
2023-09,64,SK,09,2023,51,93,,85
2023-10,61,SK,10,2023,68,98,,82
2023-11,45,SK,11,2023,54,95,,81
2023-12,44,SK,12,2023,53,67,,77
2024-01,40,SK,01,2024,39,68,,70
2018-01,48,AB,01,2018,40,34,57,65
2018-02,46,AB,02,2018,47,40,66,55
2018-03,49,AB,03,2018,39,37,41,59
2018-04,50,AB,04,2018,38,36,90,56
2018-05,48,AB,05,2018,42,36,100,55
2018-06,47,AB,06,2018,37,32,88,55
2018-07,55,AB,07,2018,44,22,92,64
2018-08,55,AB,08,2018,40,19,98,62
2018-09,60,AB,09,2018,44,28,60,63
2018-10,52,AB,10,2018,46,34,76,69
2018-11,49,AB,11,2018,46,34,58,69
2018-12,52,AB,12,2018,41,28,67,60
2019-01,49,AB,01,2019,49,38,65,62
2019-02,53,AB,02,2019,44,36,43,67
2019-03,53,AB,03,2019,46,35,48,63
2019-04,49,AB,04,2019,41,35,51,62
2019-05,52,AB,05,2019,41,31,58,61
2019-06,54,AB,06,2019,38,29,61,62
2019-07,62,AB,07,2019,49,19,50,61
2019-08,60,AB,08,2019,40,17,74,68
2019-09,45,AB,09,2019,50,26,90,74
2019-10,40,AB,10,2019,37,33,53,52
2019-11,39,AB,11,2019,34,31,68,54
2019-12,43,AB,12,2019,42,24,62,52
2020-01,38,AB,01,2020,35,34,42,47
2020-02,43,AB,02,2020,34,37,60,49
2020-03,39,AB,03,2020,31,26,59,48
2020-04,35,AB,04,2020,28,26,40,40
2020-05,36,AB,05,2020,25,23,31,41
2020-06,37,AB,06,2020,30,26,48,39
2020-07,44,AB,07,2020,34,20,37,46
2020-08,41,AB,08,2020,30,15,42,55
2020-09,42,AB,09,2020,38,25,52,42
2020-10,47,AB,10,2020,45,26,42,49
2020-11,44,AB,11,2020,48,24,23,48
2020-12,45,AB,12,2020,44,23,39,48
2021-01,44,AB,01,2021,48,27,34,51
2021-02,43,AB,02,2021,39,25,37,48
2021-03,49,AB,03,2021,42,24,52,51
2021-04,50,AB,04,2021,42,23,42,54
2021-05,53,AB,05,2021,40,22,27,47
2021-06,53,AB,06,2021,48,33,0,50
2021-07,67,AB,07,2021,52,22,27,59
2021-08,78,AB,08,2021,59,17,53,64
2021-09,71,AB,09,2021,54,24,41,63
2021-10,66,AB,10,2021,52,24,44,58
2021-11,63,AB,11,2021,53,24,34,60
2021-12,69,AB,12,2021,54,18,50,59
2022-01,62,AB,01,2022,52,26,50,61
2022-02,59,AB,02,2022,46,28,42,55
2022-03,65,AB,03,2022,49,27,47,57
2022-04,66,AB,04,2022,46,31,46,60
2022-05,62,AB,05,2022,48,28,21,62
2022-06,62,AB,06,2022,67,31,44,67
2022-07,79,AB,07,2022,64,21,39,71
2022-08,72,AB,08,2022,63,17,42,65
2022-09,62,AB,09,2022,56,28,58,66
2022-10,56,AB,10,2022,50,28,49,63
2022-11,49,AB,11,2022,46,26,31,59
2022-12,52,AB,12,2022,58,23,28,64
2023-01,57,AB,01,2023,48,28,57,65
2023-02,54,AB,02,2023,50,32,35,65
2023-03,48,AB,03,2023,50,36,52,61
2023-04,50,AB,04,2023,49,34,65,66
2023-05,50,AB,05,2023,44,38,70,64
2023-06,58,AB,06,2023,49,39,39,68
2023-07,59,AB,07,2023,55,26,48,80
2023-08,55,AB,08,2023,52,26,39,71
2023-09,53,AB,09,2023,55,35,42,70
2023-10,48,AB,10,2023,51,39,37,67
2023-11,41,AB,11,2023,44,39,50,65
2023-12,46,AB,12,2023,50,32,23,65
2024-01,44,AB,01,2024,47,29,39,60
2018-01,30,BC,01,2018,35,43,25,56
2018-02,27,BC,02,2018,33,55,39,54
2018-03,28,BC,03,2018,37,48,47,49
2018-04,31,BC,04,2018,35,49,50,53
2018-05,30,BC,05,2018,32,60,51,46
2018-06,30,BC,06,2018,38,51,43,55
2018-07,38,BC,07,2018,34,35,50,49
2018-08,40,BC,08,2018,35,33,40,51
2018-09,40,BC,09,2018,44,42,30,57
2018-10,37,BC,10,2018,43,49,44,58
2018-11,40,BC,11,2018,42,48,50,59
2018-12,42,BC,12,2018,44,33,38,62
2019-01,38,BC,01,2019,40,46,35,63
2019-02,39,BC,02,2019,39,46,28,60
2019-03,47,BC,03,2019,41,43,44,59
2019-04,42,BC,04,2019,38,43,34,60
2019-05,45,BC,05,2019,46,47,42,61
2019-06,51,BC,06,2019,47,44,36,60
2019-07,50,BC,07,2019,54,31,46,61
2019-08,44,BC,08,2019,50,28,32,68
2019-09,39,BC,09,2019,50,39,34,84
2019-10,31,BC,10,2019,37,45,42,53
2019-11,31,BC,11,2019,37,45,43,55
2019-12,31,BC,12,2019,39,30,36,51
2020-01,28,BC,01,2020,30,39,33,48
2020-02,33,BC,02,2020,31,53,35,47
2020-03,38,BC,03,2020,27,32,32,46
2020-04,32,BC,04,2020,28,28,43,39
2020-05,28,BC,05,2020,28,29,27,36
2020-06,32,BC,06,2020,33,42,23,40
2020-07,40,BC,07,2020,32,35,22,46
2020-08,39,BC,08,2020,34,26,31,46
2020-09,42,BC,09,2020,42,34,18,48
2020-10,42,BC,10,2020,38,38,22,58
2020-11,40,BC,11,2020,39,34,26,49
2020-12,38,BC,12,2020,41,27,19,48
2021-01,37,BC,01,2021,39,36,24,49
2021-02,34,BC,02,2021,34,37,32,47
2021-03,35,BC,03,2021,35,33,29,48
2021-04,33,BC,04,2021,31,35,21,47
2021-05,34,BC,05,2021,33,40,35,49
2021-06,37,BC,06,2021,32,58,19,50
2021-07,48,BC,07,2021,40,39,34,55
2021-08,47,BC,08,2021,40,30,35,58
2021-09,38,BC,09,2021,38,41,35,53
2021-10,41,BC,10,2021,40,40,34,55
2021-11,42,BC,11,2021,39,37,32,58
2021-12,38,BC,12,2021,37,29,25,55
2022-01,34,BC,01,2022,32,38,27,55
2022-02,37,BC,02,2022,34,41,30,54
2022-03,33,BC,03,2022,35,42,0,46
2022-04,39,BC,04,2022,32,40,24,46
2022-05,39,BC,05,2022,37,40,31,51
2022-06,42,BC,06,2022,38,40,28,56
2022-07,46,BC,07,2022,39,32,42,64
2022-08,47,BC,08,2022,40,30,42,62
2022-09,39,BC,09,2022,42,41,47,57
2022-10,38,BC,10,2022,37,41,48,60
2022-11,34,BC,11,2022,38,40,28,54
2022-12,40,BC,12,2022,40,28,31,55
2023-01,38,BC,01,2023,38,36,21,63
2023-02,37,BC,02,2023,39,45,42,58
2023-03,37,BC,03,2023,42,46,35,61
2023-04,40,BC,04,2023,41,51,35,64
2023-05,40,BC,05,2023,38,50,25,72
2023-06,42,BC,06,2023,48,52,31,66
2023-07,42,BC,07,2023,43,44,25,67
2023-08,44,BC,08,2023,45,40,49,68
2023-09,37,BC,09,2023,39,56,47,63
2023-10,34,BC,10,2023,40,56,31,65
2023-11,30,BC,11,2023,40,61,25,58
2023-12,33,BC,12,2023,40,45,30,59
2024-01,30,BC,01,2024,32,39,18,56
2018-01,45,MB,01,2018,26,51,,52
2018-02,40,MB,02,2018,39,50,,47
2018-03,39,MB,03,2018,30,47,,45
2018-04,32,MB,04,2018,28,46,,40
2018-05,41,MB,05,2018,23,48,,40
2018-06,50,MB,06,2018,30,45,,46
2018-07,42,MB,07,2018,31,37,,47
2018-08,53,MB,08,2018,41,38,,50
2018-09,49,MB,09,2018,37,46,,54
2018-10,45,MB,10,2018,44,49,,56
2018-11,45,MB,11,2018,28,43,,57
2018-12,50,MB,12,2018,24,33,,54
2019-01,39,MB,01,2019,28,41,,50
2019-02,37,MB,02,2019,28,44,,49
2019-03,53,MB,03,2019,38,47,,53
2019-04,44,MB,04,2019,42,42,,50
2019-05,40,MB,05,2019,26,47,,52
2019-06,47,MB,06,2019,30,44,,48
2019-07,53,MB,07,2019,21,33,,52
2019-08,47,MB,08,2019,39,33,,57
2019-09,38,MB,09,2019,39,37,,75
2019-10,31,MB,10,2019,25,47,,38
2019-11,36,MB,11,2019,26,42,,44
2019-12,36,MB,12,2019,34,31,,46
2020-01,26,MB,01,2020,23,38,,43
2020-02,30,MB,02,2020,24,47,,41
2020-03,31,MB,03,2020,23,36,,34
2020-04,48,MB,04,2020,21,29,,38
2020-05,31,MB,05,2020,19,30,,32
2020-06,24,MB,06,2020,28,32,,32
2020-07,41,MB,07,2020,32,28,,39
2020-08,33,MB,08,2020,29,23,,38
2020-09,34,MB,09,2020,28,34,,39
2020-10,35,MB,10,2020,31,42,,37
2020-11,37,MB,11,2020,32,33,,35
2020-12,63,MB,12,2020,44,31,,45
2021-01,55,MB,01,2021,40,33,,42
2021-02,37,MB,02,2021,33,39,,38
2021-03,37,MB,03,2021,31,38,,39
2021-04,43,MB,04,2021,29,39,,40
2021-05,42,MB,05,2021,26,39,,35
2021-06,47,MB,06,2021,21,41,,34
2021-07,46,MB,07,2021,25,35,,41
2021-08,54,MB,08,2021,30,30,,42
2021-09,46,MB,09,2021,26,35,,40
2021-10,44,MB,10,2021,35,35,,41
2021-11,40,MB,11,2021,30,36,,44
2021-12,43,MB,12,2021,33,34,,46
2022-01,40,MB,01,2022,34,36,,43
2022-02,39,MB,02,2022,24,39,,42
2022-03,49,MB,03,2022,32,39,,42
2022-04,49,MB,04,2022,31,37,,49
2022-05,54,MB,05,2022,41,35,,52
2022-06,65,MB,06,2022,30,40,,52
2022-07,73,MB,07,2022,40,33,,55
2022-08,66,MB,08,2022,50,36,,59
2022-09,69,MB,09,2022,33,37,,60
2022-10,55,MB,10,2022,42,41,,52
2022-11,47,MB,11,2022,41,36,,44
2022-12,65,MB,12,2022,39,30,,57
2023-01,65,MB,01,2023,31,36,,59
2023-02,62,MB,02,2023,30,37,,54
2023-03,52,MB,03,2023,34,52,,59
2023-04,50,MB,04,2023,42,53,,61
2023-05,57,MB,05,2023,41,53,,67
2023-06,62,MB,06,2023,37,55,,61
2023-07,66,MB,07,2023,39,47,,69
2023-08,70,MB,08,2023,49,47,,71
2023-09,52,MB,09,2023,51,58,,65
2023-10,41,MB,10,2023,51,61,,68
2023-11,35,MB,11,2023,33,64,,63
2023-12,40,MB,12,2023,39,47,,61
2024-01,45,MB,01,2024,45,42,,59
2018-01,37,NB,01,2018,34,24,,64
2018-02,44,NB,02,2018,38,24,,60
2018-03,42,NB,03,2018,55,21,,58
2018-04,30,NB,04,2018,30,26,,48
2018-05,39,NB,05,2018,0,28,,56
2018-06,28,NB,06,2018,31,25,,53
2018-07,42,NB,07,2018,57,20,,57
2018-08,52,NB,08,2018,51,17,,65
2018-09,42,NB,09,2018,0,23,,68
2018-10,43,NB,10,2018,29,23,,77
2018-11,36,NB,11,2018,47,24,,67
2018-12,36,NB,12,2018,65,15,,71
2019-01,41,NB,01,2019,53,18,,67
2019-02,33,NB,02,2019,45,20,,68
2019-03,36,NB,03,2019,58,23,,74
2019-04,45,NB,04,2019,53,21,,76
2019-05,45,NB,05,2019,33,22,,71
2019-06,53,NB,06,2019,37,21,,67
2019-07,58,NB,07,2019,0,19,,65
2019-08,72,NB,08,2019,74,10,,83
2019-09,38,NB,09,2019,73,19,,85
2019-10,29,NB,10,2019,47,22,,60
2019-11,25,NB,11,2019,0,16,,50
2019-12,27,NB,12,2019,0,13,,56
2020-01,24,NB,01,2020,37,20,,56
2020-02,25,NB,02,2020,31,23,,49
2020-03,37,NB,03,2020,38,14,,48
2020-04,37,NB,04,2020,37,12,,48
2020-05,39,NB,05,2020,34,13,,43
2020-06,26,NB,06,2020,30,16,,46
2020-07,35,NB,07,2020,27,14,,48
2020-08,38,NB,08,2020,38,13,,55
2020-09,32,NB,09,2020,23,16,,53
2020-10,31,NB,10,2020,51,25,,55
2020-11,36,NB,11,2020,22,18,,50
2020-12,38,NB,12,2020,45,18,,55
2021-01,34,NB,01,2021,32,14,,59
2021-02,32,NB,02,2021,31,16,,58
2021-03,43,NB,03,2021,39,20,,60
2021-04,38,NB,04,2021,34,22,,61
2021-05,53,NB,05,2021,49,15,,61
2021-06,44,NB,06,2021,38,27,,59
2021-07,60,NB,07,2021,47,17,,71
2021-08,90,NB,08,2021,55,11,,82
2021-09,53,NB,09,2021,56,24,,73
2021-10,44,NB,10,2021,49,22,,67
2021-11,43,NB,11,2021,67,21,,66
2021-12,51,NB,12,2021,36,16,,62
2022-01,48,NB,01,2022,0,16,,64
2022-02,49,NB,02,2022,26,18,,56
2022-03,43,NB,03,2022,51,17,,59
2022-04,63,NB,04,2022,47,16,,65
2022-05,55,NB,05,2022,49,18,,70
2022-06,55,NB,06,2022,46,21,,65
2022-07,63,NB,07,2022,54,19,,73
2022-08,66,NB,08,2022,46,14,,77
2022-09,52,NB,09,2022,34,25,,70
2022-10,48,NB,10,2022,48,16,,67
2022-11,48,NB,11,2022,44,15,,62
2022-12,41,NB,12,2022,38,13,,69
2023-01,35,NB,01,2023,32,13,,68
2023-02,58,NB,02,2023,63,17,,75
2023-03,50,NB,03,2023,52,20,,76
2023-04,60,NB,04,2023,49,25,,76
2023-05,47,NB,05,2023,54,25,,81
2023-06,55,NB,06,2023,61,24,,75
2023-07,77,NB,07,2023,72,23,,80
2023-08,57,NB,08,2023,51,23,,81
2023-09,48,NB,09,2023,48,26,,77
2023-10,50,NB,10,2023,49,29,,76
2023-11,38,NB,11,2023,31,27,,69
2023-12,43,NB,12,2023,55,18,,69
2024-01,33,NB,01,2024,25,15,,65
2018-01,18,NL,01,2018,86,7,,80
2018-02,21,NL,02,2018,46,10,,66
2018-03,21,NL,03,2018,53,12,,51
2018-04,27,NL,04,2018,60,8,,49
2018-05,27,NL,05,2018,0,10,,55
2018-06,0,NL,06,2018,0,9,,53
2018-07,20,NL,07,2018,0,10,,51
2018-08,39,NL,08,2018,0,10,,60
2018-09,0,NL,09,2018,0,6,,69
2018-10,23,NL,10,2018,0,13,,80
2018-11,33,NL,11,2018,63,8,,86
2018-12,41,NL,12,2018,0,5,,67
2019-01,0,NL,01,2019,0,11,,72
2019-02,22,NL,02,2019,0,9,,71
2019-03,22,NL,03,2019,0,11,,73
2019-04,19,NL,04,2019,0,7,,75
2019-05,32,NL,05,2019,63,8,,81
2019-06,34,NL,06,2019,52,6,,72
2019-07,41,NL,07,2019,0,0,,74
2019-08,53,NL,08,2019,52,7,,88
2019-09,21,NL,09,2019,57,6,,91
2019-10,0,NL,10,2019,0,12,,63
2019-11,21,NL,11,2019,0,5,,59
2019-12,18,NL,12,2019,40,7,,63
2020-01,0,NL,01,2020,0,5,,55
2020-02,0,NL,02,2020,44,11,,62
2020-03,16,NL,03,2020,0,5,,44
2020-04,21,NL,04,2020,35,4,,39
2020-05,17,NL,05,2020,0,4,,38
2020-06,16,NL,06,2020,0,6,,43
2020-07,21,NL,07,2020,47,8,,49
2020-08,22,NL,08,2020,35,5,,51
2020-09,0,NL,09,2020,0,6,,50
2020-10,35,NL,10,2020,37,5,,67
2020-11,25,NL,11,2020,39,7,,64
2020-12,30,NL,12,2020,59,9,,76
2021-01,20,NL,01,2021,39,8,,68
2021-02,30,NL,02,2021,45,9,,66
2021-03,26,NL,03,2021,47,6,,63
2021-04,19,NL,04,2021,48,5,,63
2021-05,47,NL,05,2021,43,6,,64
2021-06,35,NL,06,2021,45,11,,67
2021-07,44,NL,07,2021,65,8,,72
2021-08,65,NL,08,2021,56,7,,83
2021-09,44,NL,09,2021,70,8,,66
2021-10,39,NL,10,2021,54,10,,76
2021-11,54,NL,11,2021,59,10,,75
2021-12,37,NL,12,2021,48,6,,61
2022-01,34,NL,01,2022,37,5,,71
2022-02,43,NL,02,2022,33,10,,61
2022-03,40,NL,03,2022,39,11,,64
2022-04,52,NL,04,2022,69,5,,85
2022-05,55,NL,05,2022,47,6,,86
2022-06,66,NL,06,2022,73,12,,78
2022-07,80,NL,07,2022,66,9,,92
2022-08,78,NL,08,2022,79,10,,94
2022-09,68,NL,09,2022,64,12,,90
2022-10,65,NL,10,2022,63,14,,92
2022-11,47,NL,11,2022,57,10,,82
2022-12,61,NL,12,2022,66,8,,85
2023-01,75,NL,01,2023,47,8,,93
2023-02,79,NL,02,2023,63,10,,84
2023-03,80,NL,03,2023,63,14,,91
2023-04,64,NL,04,2023,59,14,,90
2023-05,51,NL,05,2023,61,15,,86
2023-06,65,NL,06,2023,51,16,,93
2023-07,68,NL,07,2023,81,14,,94
2023-08,61,NL,08,2023,100,10,,100
2023-09,64,NL,09,2023,71,15,,89
2023-10,48,NL,10,2023,63,21,,85
2023-11,38,NL,11,2023,48,21,,74
2023-12,64,NL,12,2023,57,15,,78
2024-01,57,NL,01,2024,58,9,,76
2018-01,44,NS,01,2018,29,20,,62
2018-02,45,NS,02,2018,40,26,,65
2018-03,35,NS,03,2018,32,24,,58
2018-04,58,NS,04,2018,41,23,,57
2018-05,44,NS,05,2018,26,21,,54
2018-06,49,NS,06,2018,46,24,,58
2018-07,53,NS,07,2018,44,16,,57
2018-08,54,NS,08,2018,35,12,,61
2018-09,69,NS,09,2018,39,22,,72
2018-10,53,NS,10,2018,56,21,,82
2018-11,46,NS,11,2018,54,24,,76
2018-12,61,NS,12,2018,50,14,,78
2019-01,52,NS,01,2019,55,18,,80
2019-02,60,NS,02,2019,54,19,,82
2019-03,72,NS,03,2019,54,19,,73
2019-04,76,NS,04,2019,45,18,,74
2019-05,67,NS,05,2019,44,17,,74
2019-06,78,NS,06,2019,67,19,,75
2019-07,80,NS,07,2019,61,12,,74
2019-08,93,NS,08,2019,60,12,,92
2019-09,75,NS,09,2019,67,15,,94
2019-10,63,NS,10,2019,26,20,,62
2019-11,46,NS,11,2019,52,16,,62
2019-12,63,NS,12,2019,54,16,,73
2020-01,49,NS,01,2020,34,15,,66
2020-02,60,NS,02,2020,37,24,,67
2020-03,72,NS,03,2020,39,15,,66
2020-04,68,NS,04,2020,42,14,,65
2020-05,51,NS,05,2020,32,10,,54
2020-06,51,NS,06,2020,29,13,,51
2020-07,58,NS,07,2020,43,16,,53
2020-08,54,NS,08,2020,43,11,,51
2020-09,78,NS,09,2020,54,26,,64
2020-10,79,NS,10,2020,60,31,,68
2020-11,60,NS,11,2020,63,22,,58
2020-12,62,NS,12,2020,58,16,,66
2021-01,59,NS,01,2021,49,12,,64
2021-02,66,NS,02,2021,44,13,,66
2021-03,67,NS,03,2021,44,15,,63
2021-04,66,NS,04,2021,58,14,,59
2021-05,56,NS,05,2021,39,15,,50
2021-06,59,NS,06,2021,56,25,,51
2021-07,82,NS,07,2021,76,20,,64
2021-08,75,NS,08,2021,67,11,,68
2021-09,99,NS,09,2021,64,19,,69
2021-10,92,NS,10,2021,75,17,,76
2021-11,82,NS,11,2021,55,15,,67
2021-12,92,NS,12,2021,72,13,,71
2022-01,66,NS,01,2022,48,13,,58
2022-02,61,NS,02,2022,44,17,,53
2022-03,61,NS,03,2022,46,19,,59
2022-04,64,NS,04,2022,53,20,,61
2022-05,76,NS,05,2022,53,17,,67
2022-06,60,NS,06,2022,48,17,,61
2022-07,89,NS,07,2022,75,16,,59
2022-08,75,NS,08,2022,71,12,,64
2022-09,77,NS,09,2022,50,22,,64
2022-10,74,NS,10,2022,64,23,,62
2022-11,53,NS,11,2022,54,21,,60
2022-12,63,NS,12,2022,57,14,,65
2023-01,53,NS,01,2023,35,17,,68
2023-02,57,NS,02,2023,50,16,,68
2023-03,62,NS,03,2023,58,23,,73
2023-04,62,NS,04,2023,64,25,,75
2023-05,64,NS,05,2023,44,22,,73
2023-06,68,NS,06,2023,59,25,,72
2023-07,70,NS,07,2023,67,23,,76
2023-08,76,NS,08,2023,59,18,,74
2023-09,60,NS,09,2023,68,30,,75
2023-10,45,NS,10,2023,46,34,,72
2023-11,55,NS,11,2023,52,29,,62
2023-12,37,NS,12,2023,38,18,,63
2024-01,37,NS,01,2024,32,18,,60
2018-01,21,ON,01,2018,26,26,27,47
2018-02,19,ON,02,2018,25,24,34,42
2018-03,21,ON,03,2018,25,24,37,46
2018-04,19,ON,04,2018,23,26,36,43
2018-05,19,ON,05,2018,22,30,34,40
2018-06,19,ON,06,2018,26,22,43,44
2018-07,24,ON,07,2018,28,16,33,46
2018-08,27,ON,08,2018,27,14,30,49
2018-09,30,ON,09,2018,36,18,39,57
2018-10,23,ON,10,2018,34,22,22,63
2018-11,22,ON,11,2018,36,23,28,64
2018-12,27,ON,12,2018,35,19,28,60
2019-01,24,ON,01,2019,34,22,35,59
2019-02,20,ON,02,2019,31,22,30,56
2019-03,23,ON,03,2019,32,24,34,55
2019-04,26,ON,04,2019,34,24,40,58
2019-05,25,ON,05,2019,30,26,29,57
2019-06,25,ON,06,2019,34,21,23,55
2019-07,26,ON,07,2019,32,14,31,55
2019-08,28,ON,08,2019,37,11,32,64
2019-09,18,ON,09,2019,42,18,37,82
2019-10,16,ON,10,2019,27,20,37,49
2019-11,14,ON,11,2019,27,18,26,44
2019-12,17,ON,12,2019,26,15,36,45
2020-01,15,ON,01,2020,26,18,30,43
2020-02,15,ON,02,2020,24,22,36,42
2020-03,19,ON,03,2020,21,16,24,40
2020-04,18,ON,04,2020,23,18,31,40
2020-05,14,ON,05,2020,20,18,20,33
2020-06,14,ON,06,2020,20,17,32,34
2020-07,17,ON,07,2020,25,13,25,37
2020-08,21,ON,08,2020,23,10,20,41
2020-09,22,ON,09,2020,26,15,26,41
2020-10,20,ON,10,2020,26,18,26,43
2020-11,20,ON,11,2020,29,18,15,41
2020-12,26,ON,12,2020,30,13,21,47
2021-01,24,ON,01,2021,29,14,26,49
2021-02,22,ON,02,2021,28,15,18,49
2021-03,22,ON,03,2021,23,16,20,44
2021-04,23,ON,04,2021,23,13,24,45
2021-05,26,ON,05,2021,26,15,26,43
2021-06,26,ON,06,2021,25,23,23,40
2021-07,27,ON,07,2021,23,17,19,43
2021-08,29,ON,08,2021,27,10,22,49
2021-09,29,ON,09,2021,25,17,27,47
2021-10,27,ON,10,2021,31,17,37,50
2021-11,24,ON,11,2021,25,17,21,48
2021-12,26,ON,12,2021,26,12,19,46
2022-01,19,ON,01,2022,25,15,19,43
2022-02,20,ON,02,2022,23,15,17,42
2022-03,21,ON,03,2022,23,18,21,44
2022-04,22,ON,04,2022,25,20,27,47
2022-05,23,ON,05,2022,26,18,22,50
2022-06,27,ON,06,2022,27,17,32,53
2022-07,31,ON,07,2022,30,13,24,54
2022-08,31,ON,08,2022,28,10,31,51
2022-09,27,ON,09,2022,28,18,29,46
2022-10,26,ON,10,2022,28,19,25,51
2022-11,24,ON,11,2022,27,17,15,47
2022-12,28,ON,12,2022,28,14,20,53
2023-01,25,ON,01,2023,29,15,24,56
2023-02,25,ON,02,2023,26,17,21,52
2023-03,25,ON,03,2023,28,22,24,54
2023-04,24,ON,04,2023,31,25,27,55
2023-05,28,ON,05,2023,31,25,27,62
2023-06,27,ON,06,2023,30,27,31,58
2023-07,30,ON,07,2023,32,19,30,59
2023-08,31,ON,08,2023,33,15,29,62
2023-09,27,ON,09,2023,33,26,25,61
2023-10,24,ON,10,2023,32,32,32,59
2023-11,21,ON,11,2023,33,29,20,56
2023-12,23,ON,12,2023,29,19,28,54
2024-01,21,ON,01,2024,28,19,26,50
2018-01,0,PE,01,2018,,,,
2018-02,0,PE,02,2018,,,,
2018-03,0,PE,03,2018,,,,
2018-04,62,PE,04,2018,,,,
2018-05,0,PE,05,2018,,,,
2018-06,0,PE,06,2018,,,,
2018-07,0,PE,07,2018,,,,
2018-08,0,PE,08,2018,,,,
2018-09,0,PE,09,2018,,,,
2018-10,0,PE,10,2018,,,,
2018-11,0,PE,11,2018,,,,
2018-12,0,PE,12,2018,,,,
2019-01,0,PE,01,2019,,,,
2019-02,0,PE,02,2019,,,,
2019-03,0,PE,03,2019,,,,
2019-04,0,PE,04,2019,,,,
2019-05,0,PE,05,2019,,,,
2019-06,0,PE,06,2019,,,,
2019-07,0,PE,07,2019,,,,
2019-08,0,PE,08,2019,,,,
2019-09,0,PE,09,2019,,,,
2019-10,0,PE,10,2019,,,,
2019-11,0,PE,11,2019,,,,
2019-12,0,PE,12,2019,,,,
2020-01,53,PE,01,2020,,,,
2020-02,0,PE,02,2020,,,,
2020-03,0,PE,03,2020,,,,
2020-04,41,PE,04,2020,,,,
2020-05,58,PE,05,2020,,,,
2020-06,0,PE,06,2020,,,,
2020-07,56,PE,07,2020,,,,
2020-08,0,PE,08,2020,,,,
2020-09,0,PE,09,2020,,,,
2020-10,0,PE,10,2020,,,,
2020-11,0,PE,11,2020,,,,
2020-12,0,PE,12,2020,,,,
2021-01,0,PE,01,2021,,,,
2021-02,0,PE,02,2021,,,,
2021-03,0,PE,03,2021,,,,
2021-04,0,PE,04,2021,,,,
2021-05,0,PE,05,2021,,,,
2021-06,0,PE,06,2021,,,,
2021-07,55,PE,07,2021,,,,
2021-08,0,PE,08,2021,,,,
2021-09,65,PE,09,2021,,,,
2021-10,0,PE,10,2021,,,,
2021-11,51,PE,11,2021,,,,
2021-12,0,PE,12,2021,,,,
2022-01,0,PE,01,2022,,,,
2022-02,0,PE,02,2022,,,,
2022-03,41,PE,03,2022,,,,
2022-04,0,PE,04,2022,,,,
2022-05,0,PE,05,2022,,,,
2022-06,51,PE,06,2022,,,,
2022-07,0,PE,07,2022,,,,
2022-08,52,PE,08,2022,,,,
2022-09,0,PE,09,2022,,,,
2022-10,57,PE,10,2022,,,,
2022-11,45,PE,11,2022,,,,
2022-12,56,PE,12,2022,,,,
2023-01,48,PE,01,2023,,,,
2023-02,0,PE,02,2023,,,,
2023-03,0,PE,03,2023,,,,
2023-04,58,PE,04,2023,,,,
2023-05,54,PE,05,2023,,,,
2023-06,52,PE,06,2023,,,,
2023-07,60,PE,07,2023,,,,
2023-08,81,PE,08,2023,,,,
2023-09,66,PE,09,2023,,,,
2023-10,57,PE,10,2023,,,,
2023-11,0,PE,11,2023,,,,
2023-12,79,PE,12,2023,,,,
2024-01,46,PE,01,2024,,,,
2018-01,19,QC,01,2018,19,6,17,27
2018-02,17,QC,02,2018,15,7,20,26
2018-03,19,QC,03,2018,15,8,0,25
2018-04,17,QC,04,2018,16,8,24,23
2018-05,20,QC,05,2018,16,8,18,25
2018-06,20,QC,06,2018,14,7,20,24
2018-07,23,QC,07,2018,14,8,16,27
2018-08,27,QC,08,2018,19,7,23,28
2018-09,28,QC,09,2018,24,7,16,37
2018-10,26,QC,10,2018,26,7,13,35
2018-11,25,QC,11,2018,25,8,0,35
2018-12,29,QC,12,2018,26,6,22,36
2019-01,30,QC,01,2019,31,7,15,41
2019-02,30,QC,02,2019,25,7,0,37
2019-03,34,QC,03,2019,27,7,13,38
2019-04,35,QC,04,2019,24,7,17,37
2019-05,35,QC,05,2019,27,7,16,39
2019-06,39,QC,06,2019,25,7,17,39
2019-07,48,QC,07,2019,31,5,0,42
2019-08,52,QC,08,2019,29,6,24,43
2019-09,34,QC,09,2019,30,6,20,48
2019-10,29,QC,10,2019,20,7,27,33
2019-11,28,QC,11,2019,23,7,0,31
2019-12,35,QC,12,2019,25,5,14,33
2020-01,34,QC,01,2020,25,6,18,31
2020-02,33,QC,02,2020,19,9,14,31
2020-03,50,QC,03,2020,23,5,18,31
2020-04,46,QC,04,2020,28,4,21,38
2020-05,43,QC,05,2020,22,4,22,30
2020-06,35,QC,06,2020,20,5,17,25
2020-07,38,QC,07,2020,21,5,23,33
2020-08,39,QC,08,2020,21,5,14,32
2020-09,37,QC,09,2020,23,6,16,31
2020-10,38,QC,10,2020,25,7,17,34
2020-11,33,QC,11,2020,23,5,17,32
2020-12,46,QC,12,2020,27,4,21,37
2021-01,52,QC,01,2021,29,4,0,48
2021-02,37,QC,02,2021,30,6,14,36
2021-03,34,QC,03,2021,20,5,0,31
2021-04,42,QC,04,2021,23,5,12,34
2021-05,43,QC,05,2021,20,6,12,31
2021-06,47,QC,06,2021,20,9,20,32
2021-07,57,QC,07,2021,24,8,0,36
2021-08,55,QC,08,2021,26,6,20,37
2021-09,62,QC,09,2021,25,7,29,38
2021-10,56,QC,10,2021,26,8,0,40
2021-11,53,QC,11,2021,25,7,13,36
2021-12,61,QC,12,2021,28,5,0,38
2022-01,53,QC,01,2022,22,6,17,35
2022-02,49,QC,02,2022,16,10,22,32
2022-03,56,QC,03,2022,21,8,13,36
2022-04,57,QC,04,2022,25,7,19,38
2022-05,62,QC,05,2022,26,7,0,39
2022-06,72,QC,06,2022,26,7,0,43
2022-07,88,QC,07,2022,32,8,14,54
2022-08,81,QC,08,2022,28,6,14,50
2022-09,74,QC,09,2022,27,9,15,51
2022-10,67,QC,10,2022,30,8,0,47
2022-11,63,QC,11,2022,27,8,0,43
2022-12,77,QC,12,2022,30,6,13,48
2023-01,73,QC,01,2023,33,6,11,55
2023-02,67,QC,02,2023,26,8,17,44
2023-03,66,QC,03,2023,31,9,18,56
2023-04,72,QC,04,2023,33,9,12,65
2023-05,70,QC,05,2023,29,9,0,56
2023-06,75,QC,06,2023,27,8,15,54
2023-07,83,QC,07,2023,32,7,0,54
2023-08,75,QC,08,2023,30,8,17,57
2023-09,68,QC,09,2023,29,12,17,55
2023-10,67,QC,10,2023,38,11,13,66
2023-11,59,QC,11,2023,43,11,16,76
2023-12,47,QC,12,2023,26,7,0,47
2024-01,38,QC,01,2024,26,7,15,44
